{
  "checkpoint": "checkpoints/BC-250M/ppo_best.pkl",
  "games": 5,
  "wins": 2,
  "losses": 3,
  "win_rate": 0.4,
  "total_turns": 293,
  "anomalies": 19,
  "species_id_zero_count": 0,
  "value_mean": 0.06939899516437943,
  "value_std": 0.33798168486023533,
  "entropy_mean": 0.5296603368983134,
  "near_uniform_frac": 0.05574912891986063,
  "confidence_mean": 0.6462240048817226,
  "action_types": {
    "move": 221,
    "switch": 63,
    "fallback": 6
  },
  "fallback_rate": 0.020477815699658702,
  "game_results": [
    "WIN",
    "LOSS",
    "WIN",
    "LOSS",
    "LOSS"
  ]
}